Season,Intercept,OtherAgriculture_Proximate,log(Coccinellidae),SpeciesRichness_FM,log(ShannonDiversity_FM),TotalPlantCover_FM,SurfaceWater_Proximate,IrrigationMethod,Alfalfa_Distant,SimpsonDiversity_Distant,SurfaceWater_Distant,df,logLik,AICc,delta,weight,Impermeable_Distant,log(Ichneumonoidea),DesertShrub_Distant
Spring,4.555725863033129,NA,0.3080600268522979,0.45498457309674795,NA,NA,NA,+,NA,NA,NA,8,-479.6971010546811,977.3942021093623,0,0.0972483406437039,NA,NA,NA
Spring,4.555725863033129,NA,0.3080600268522979,0.45498457309674795,NA,NA,NA,+,NA,NA,NA,8,-479.6971010546811,977.3942021093623,0,0.0972483406437039,NA,NA,NA
Spring,4.113272115607773,NA,0.2927467466162157,NA,NA,NA,NA,+,NA,NA,NA,7,-481.2757366910348,978.085719957412,0.6915178480497843,0.0688210044468661,NA,NA,NA
Spring,4.113272115607773,NA,0.2927467466162157,NA,NA,NA,NA,+,NA,NA,NA,7,-481.2757366910348,978.085719957412,0.6915178480497843,0.0688210044468661,NA,NA,NA
Spring,5.9688478672571375,1.2117368762250058,0.2898631627308602,1.1907603422736666,NA,NA,NA,NA,NA,NA,NA,8,-480.23642781656866,978.4728556331373,1.078653523775074,0.0567094666818098,NA,NA,NA
Spring,3.8288188603869315,NA,0.2751632258334175,NA,NA,NA,-0.48310714877690863,+,NA,NA,NA,8,-480.31530323996475,978.6306064799295,1.236404370567243,0.0524083397543099,NA,NA,NA
Spring,5.5512506969431605,NA,0.29997014311600345,0.7711537853754593,NA,NA,NA,NA,NA,0.39409271973544546,NA,8,-480.56476239888383,979.1295247977677,1.7353226884054038,0.0408377367942112,NA,NA,NA
Spring,4.022866626295008,NA,0.2992142009005687,NA,NA,0.2383061933901569,NA,+,NA,NA,NA,8,-480.61002578127255,979.2200515625451,1.8258494531828546,0.0390304922408523,NA,NA,NA
Spring,4.022866626295008,NA,0.2992142009005687,NA,NA,0.2383061933901569,NA,+,NA,NA,NA,8,-480.61002578127255,979.2200515625451,1.8258494531828546,0.0390304922408523,NA,NA,NA
Spring,5.563237949242777,NA,0.29295902800206275,1.5163931893763907,NA,NA,NA,NA,NA,NA,-0.72135564857156,8,-480.80079950389,979.60159900778,2.2073968984177554,0.0322516585670302,NA,NA,NA
Spring,3.9757451891560245,NA,0.2987623956897308,NA,NA,NA,NA,+,0.19306464639699525,NA,NA,8,-480.8136669488797,979.6273338977594,2.233131788397145,0.0318393206813784,NA,NA,NA
Spring,4.385461780666278,NA,0.29932351041801497,NA,0.2705215922885021,NA,NA,+,NA,NA,NA,8,-480.8215224088104,979.6430448176208,2.2488427082585076,0.031590187980647,NA,NA,NA
Spring,4.385461780666278,NA,0.29932351041801497,NA,0.2705215922885021,NA,NA,+,NA,NA,NA,8,-480.8215224088104,979.6430448176208,2.2488427082585076,0.031590187980647,NA,NA,NA
Spring,4.209356484938257,NA,0.29997545295131606,NA,NA,NA,NA,+,NA,NA,0.20045675798686094,8,-480.8444117998485,979.688823599697,2.294621490334748,0.0308753204671137,NA,NA,NA
Spring,3.9472769145681625,-0.3958323751801192,0.3010160860204188,NA,NA,NA,NA,+,NA,NA,NA,8,-480.91125702977246,979.8225140595449,2.4283119501826604,0.0288789207874845,NA,NA,NA
Spring,5.461007557312659,NA,0.2943969301640527,0.878431015431881,NA,NA,NA,NA,NA,NA,NA,7,-482.39145377217733,980.3171541196971,2.922952010334825,0.0225512819689231,NA,NA,NA
Spring,5.461007557312659,NA,0.2943969301640527,0.878431015431881,NA,NA,NA,NA,NA,NA,NA,7,-482.39145377217733,980.3171541196971,2.922952010334825,0.0225512819689231,NA,NA,NA
Spring,4.1300950183643215,NA,0.29260646349975666,NA,NA,NA,NA,+,NA,0.0139852979551627,NA,8,-481.2742547272719,980.5485094545438,3.1543073451815644,0.0200878317660596,NA,NA,NA
Spring,5.622467133288079,NA,0.2958394992529441,NA,NA,NA,NA,NA,1.2354522218900605,1.64693539153005,NA,8,-481.330122567149,980.660245134298,3.2660430249356978,0.0189963414829267,NA,NA,NA
Spring,5.469719110288884,NA,0.2928946945139019,1.9403180108334082,-1.0918350009943676,NA,NA,NA,NA,NA,NA,8,-481.75392912442135,981.5078582488427,4.11365613948044,0.0124340645820646,NA,NA,NA
Spring,5.469719110288884,NA,0.2928946945139019,1.9403180108334082,-1.0918350009943676,NA,NA,NA,NA,NA,NA,8,-481.75392912442135,981.5078582488427,4.11365613948044,0.0124340645820646,NA,NA,NA
Spring,5.55187910141505,NA,0.29481677882990065,NA,0.6897686800248432,NA,NA,NA,NA,0.4319045212659638,NA,8,-481.8188723620176,981.6377447240352,4.243542614672947,0.0116522187465599,NA,NA,NA
Spring,5.403916894698285,NA,0.2858830297742615,0.9574103468579767,NA,NA,-0.3248658683915233,NA,NA,NA,NA,8,-482.0491285858016,982.0982571716032,4.704055062240968,0.00925570750161391,NA,NA,NA
Spring,4.243667829250901,NA,NA,2.421961482765126,-2.1408066403314963,NA,NA,+,NA,NA,NA,8,-482.12995067423975,982.2599013484795,4.865699239117248,0.00853707377687229,NA,NA,NA
Spring,4.243667829250901,NA,NA,2.421961482765126,-2.1408066403314963,NA,NA,+,NA,NA,NA,8,-482.12995067423975,982.2599013484795,4.865699239117248,0.00853707377687229,NA,NA,NA
Spring,5.48055205828452,NA,0.29346533923508283,0.8753135112979156,NA,NA,NA,NA,-0.12021888922573978,NA,NA,8,-482.23546696791874,982.4709339358375,5.076731826475225,0.00768216959279202,NA,NA,NA
Spring,5.455035504682632,NA,0.29092164845597346,NA,0.795208310621545,NA,NA,NA,NA,NA,NA,7,-483.515299223185,982.5648450217125,5.170642912350218,0.00732978704819246,NA,NA,NA
Spring,5.455035504682632,NA,0.29092164845597346,NA,0.795208310621545,NA,NA,NA,NA,NA,NA,7,-483.515299223185,982.5648450217125,5.170642912350218,0.00732978704819246,NA,NA,NA
Spring,5.461267733859903,NA,0.2948593906269622,0.8819216276119852,NA,0.04368467249728784,NA,NA,NA,NA,NA,8,-482.37400310093926,982.7480062018785,5.35380409251627,0.00668834108012934,NA,NA,NA
Spring,5.461267733859903,NA,0.2948593906269622,0.8819216276119852,NA,0.04368467249728784,NA,NA,NA,NA,NA,8,-482.37400310093926,982.7480062018785,5.35380409251627,0.00668834108012934,NA,NA,NA
Spring,5.886288971229746,1.0294142414542606,0.28747188969264953,NA,1.057532963833643,NA,NA,NA,NA,NA,NA,8,-482.4319150446857,982.8638300893714,5.469627980009136,0.00631200849605344,NA,NA,NA
Spring,4.111030996058237,NA,NA,0.5504480015727643,NA,NA,-0.8003533458260232,+,NA,NA,NA,8,-482.5768586447605,983.153717289521,5.759515180158701,0.0054603360172493,NA,NA,NA
Spring,5.386826721099231,NA,0.2834835617972369,NA,0.9027978659197617,NA,-0.3825004428618763,NA,NA,NA,NA,8,-483.16844748767437,984.3368949753487,6.942692865986487,0.00302200792586877,NA,NA,NA
Spring,5.5070601965813255,NA,0.2899162731750453,NA,1.1283553161023172,NA,NA,NA,NA,NA,-0.38357182994943967,8,-483.1838609999852,984.3677219999704,6.973519890608145,0.00297578531103446,NA,NA,NA
Spring,5.6253252913147485,NA,NA,0.6117136736014873,NA,NA,NA,NA,0.9022481856433073,1.2700874884112041,NA,8,-483.31490767293764,984.6298153458753,7.235613236513018,0.00261028993483011,NA,NA,NA
Spring,5.472286459926188,NA,0.29014024940990013,NA,0.7898659522025312,NA,NA,NA,-0.10740636855932352,NA,NA,8,-483.4196878589567,984.8393757179134,7.445173608551158,0.00235062468277205,NA,NA,NA
Spring,3.1148706936954644,-0.8501059057873739,NA,NA,NA,NA,-0.9815724211310537,+,NA,NA,NA,8,-483.45782604063214,984.9156520812643,7.52144997190203,0.00226266412096089,NA,NA,NA
Spring,5.455338459336008,NA,0.2916606727294184,NA,0.8049329349051231,0.07562159253313654,NA,NA,NA,NA,NA,8,-483.4752122891844,984.9504245783688,7.5562224690065705,0.00222366488773572,NA,NA,NA
Spring,5.455338459336008,NA,0.2916606727294184,NA,0.8049329349051231,0.07562159253313654,NA,NA,NA,NA,NA,8,-483.4752122891844,984.9504245783688,7.5562224690065705,0.00222366488773572,NA,NA,NA
Spring,5.7031460881122165,NA,NA,1.5659451074075477,NA,NA,NA,NA,NA,0.447956594355986,-0.8551812777435095,8,-483.65313066198576,985.3062613239715,7.912059214609258,0.00186123140107321,NA,NA,NA
Spring,5.5846642073029225,NA,0.27737298896604323,NA,NA,NA,NA,NA,NA,0.5840218737168886,NA,7,-484.99583716964423,985.5259209146309,8.131718805268633,0.00166763843846372,NA,NA,NA
Spring,3.6371435207944507,NA,NA,NA,NA,NA,-0.7040335734100629,+,NA,NA,NA,7,-485.021793796718,985.5778341687784,8.18363205941614,0.00162490912291071,NA,NA,NA
Spring,5.505789581508129,NA,0.2849156844174106,NA,NA,NA,NA,NA,NA,0.49025737674056247,0.42626012788869405,8,-483.9651491309706,985.9302982619412,8.53609615257892,0.00136236184367151,NA,NA,NA
Spring,5.626724388655522,NA,NA,NA,0.542058793334484,NA,NA,NA,1.0254812391517127,1.4064869144093324,NA,8,-484.0200741669878,986.0401483339756,8.64594622461334,0.00128955191749807,NA,NA,NA
Spring,3.502659481622981,NA,NA,NA,NA,0.28337598326985847,-0.7450311485012545,+,NA,NA,NA,8,-484.05990884093706,986.1198176818741,8.725615572511856,0.00123919271747455,NA,NA,NA
Spring,3.967422915281016,NA,NA,NA,0.39194292132985886,NA,-0.810039644674495,+,NA,NA,NA,8,-484.0663754382194,986.1327508764388,8.738548767076509,0.00123120521104351,NA,NA,NA
Spring,5.379627003540096,NA,0.28413653978020337,NA,NA,NA,NA,NA,NA,NA,0.5392780570651418,7,-485.363584453617,986.2614154825765,8.867213373214213,0.0011544929381111,NA,NA,NA
Spring,4.044841106872838,NA,NA,NA,NA,NA,NA,+,NA,NA,NA,6,-486.60608562328065,986.3473063816964,8.953104272334144,0.00110596226425125,NA,NA,NA
Spring,4.044841106872838,NA,NA,NA,NA,NA,NA,+,NA,NA,NA,6,-486.60608562328065,986.3473063816964,8.953104272334144,0.00110596226425125,NA,NA,NA
Spring,5.453860436814056,NA,0.2770651293400863,NA,NA,NA,NA,NA,NA,NA,NA,6,-486.6066939711313,986.3485230773977,8.954320968035404,0.00110528965909461,NA,NA,NA
Spring,5.453860436814056,NA,0.2770651293400863,NA,NA,NA,NA,NA,NA,NA,NA,6,-486.6066939711313,986.3485230773977,8.954320968035404,0.00110528965909461,NA,NA,NA
Spring,6.097603820747983,1.4538936935730598,NA,1.303296494641331,NA,NA,NA,NA,NA,NA,NA,7,-485.45254925955516,986.4393450944527,9.045142985090479,0.00105621992616921,NA,NA,NA
Spring,5.695546684706458,NA,NA,2.274610357855281,NA,0.5287785465293485,NA,NA,NA,NA,-1.4729269091113733,8,-484.2441558388016,986.4883116776032,9.094109568240924,0.00103067418374369,NA,NA,NA
Spring,4.49238650649615,NA,NA,0.4661571572253424,NA,NA,NA,+,NA,NA,NA,7,-485.51238892805645,986.5590244314553,9.164822322093073,0.000994869962336737,NA,NA,NA
Spring,4.49238650649615,NA,NA,0.4661571572253424,NA,NA,NA,+,NA,NA,NA,7,-485.51238892805645,986.5590244314553,9.164822322093073,0.000994869962336737,NA,NA,NA
Spring,6.088132388326175,1.4002413028316374,NA,2.457708536654506,-1.2011408503467595,NA,NA,NA,NA,NA,NA,8,-484.5425208009079,987.0850416018158,9.690839492453506,0.000764791656522242,NA,NA,NA
Spring,4.597964347137148,NA,NA,NA,NA,NA,NA,+,0.8598864225191687,0.9724325357752759,NA,8,-484.78722447900117,987.5744489580023,10.180246848640081,0.000598783306694634,NA,NA,NA
Spring,4.793297054525921,NA,NA,1.0418295007041334,NA,NA,NA,+,NA,NA,-0.5290847542768741,8,-484.79216785252174,987.5843357050435,10.190133595681232,0.000595830601327442,NA,NA,NA
Spring,5.586936422801705,NA,NA,0.8107674396485914,NA,NA,NA,NA,NA,0.4427378048328828,NA,7,-486.0860700618784,987.7063866990992,10.312184589736944,0.000560556983979326,NA,NA,NA
Spring,3.9516697252610684,NA,NA,NA,NA,0.2471412798566125,NA,+,NA,NA,NA,7,-486.1178550575773,987.769956690497,10.375754581134743,0.000543019867671424,NA,NA,NA
Spring,3.9516697252610684,NA,NA,NA,NA,0.2471412798566125,NA,+,NA,NA,NA,7,-486.1178550575773,987.769956690497,10.375754581134743,0.000543019867671424,NA,NA,NA
Spring,5.276888977925088,0.891426042762977,NA,0.8874148431655234,NA,NA,NA,+,NA,NA,NA,8,-484.8913690136571,987.7827380273142,10.388535917951913,0.000539560672814478,NA,NA,NA
Spring,5.603171765017055,NA,NA,1.67975180474517,NA,NA,NA,NA,NA,NA,-0.8479243922702671,7,-486.12510682930366,987.7844602339497,10.39025812458749,0.000539096255313392,NA,NA,NA
Spring,5.585776344970178,NA,0.27707501556850206,NA,NA,-0.07921347443157895,NA,NA,NA,0.5900038178384744,NA,8,-484.9643629126646,987.9287258253293,10.534523715966998,0.000501579109418643,NA,NA,NA
Spring,5.981094163373812,1.3245019182104778,NA,1.354696319355385,NA,NA,-0.3535491854602046,NA,NA,NA,NA,8,-484.99184400200215,987.9836880040043,10.589485894642053,0.000487982844842723,NA,NA,NA
Spring,3.9143975507896442,NA,NA,NA,NA,NA,NA,+,0.18183504199986997,NA,NA,7,-486.32496830143634,988.1841831782151,10.789981068852853,0.00044143583002297,NA,NA,NA
Spring,4.382486089902174,NA,NA,0.4308932742291153,NA,0.20268903841834807,NA,+,NA,NA,NA,8,-485.1045032036064,988.2090064072128,10.814804297850515,0.000435990759632142,NA,NA,NA
Spring,4.382486089902174,NA,NA,0.4308932742291153,NA,0.20268903841834807,NA,+,NA,NA,NA,8,-485.1045032036064,988.2090064072128,10.814804297850515,0.000435990759632142,NA,NA,NA
Spring,4.294421641856857,NA,NA,NA,0.25013626936374755,NA,NA,+,NA,NA,NA,7,-486.34004520968256,988.2143369947075,10.820134885345283,0.000434830263405239,NA,NA,NA
Spring,4.294421641856857,NA,NA,NA,0.25013626936374755,NA,NA,+,NA,NA,NA,7,-486.34004520968256,988.2143369947075,10.820134885345283,0.000434830263405239,NA,NA,NA
Spring,4.129347058488716,NA,NA,NA,NA,NA,NA,+,NA,NA,0.178989054182396,7,-486.3709262617379,988.2760990988182,10.881896989455981,0.000421607465164562,NA,NA,NA
Spring,5.373214549142321,NA,0.2843062388369677,NA,NA,-0.17998451943172458,NA,NA,NA,NA,0.5831926165715227,8,-485.2195771030791,988.4391542061582,11.044952096795896,0.000388598683893364,NA,NA,NA
Spring,3.9159147572633617,-0.3013618267939051,NA,NA,NA,NA,NA,+,NA,NA,NA,7,-486.4613936750468,988.457033925436,11.062831816073754,0.00038514014864744,NA,NA,NA
Spring,6.132647933261602,1.5330593864828914,NA,1.3358782236728517,NA,0.1460994075082082,NA,NA,NA,NA,NA,8,-485.2314550101315,988.462910020263,11.068707910900798,0.000384010249291589,NA,NA,NA
Spring,5.486403071904995,NA,NA,0.9302916553623264,NA,NA,NA,NA,NA,NA,NA,6,-487.66394476138424,988.4630246579036,11.068822548541334,0.000383988238907939,NA,NA,NA
Spring,5.486403071904995,NA,NA,0.9302916553623264,NA,NA,NA,NA,NA,NA,NA,6,-487.66394476138424,988.4630246579036,11.068822548541334,0.000383988238907939,NA,NA,NA
Spring,4.793706214066142,NA,NA,0.5336819876954917,NA,NA,NA,+,NA,0.19566146695772732,NA,8,-485.27352283997624,988.5470456799525,11.152843570590221,0.000368190848300725,NA,NA,NA
Spring,5.476868748853132,NA,0.2764436354275535,NA,NA,NA,NA,NA,-0.1436817220896558,NA,NA,7,-486.52146248799943,988.5771715513413,11.182969441979026,0.000362686374076524,NA,NA,NA
Spring,5.305486994803092,-0.3501380368225707,0.27881373711998736,NA,NA,NA,NA,NA,NA,NA,NA,7,-486.52266446350166,988.5795755023457,11.185373392983479,0.000362250695829636,NA,NA,NA
Spring,5.4962510226287815,NA,0.28015333437603346,NA,NA,NA,0.23812784188457212,NA,NA,NA,NA,7,-486.5254945159948,988.585235607332,11.191033497969784,0.000361226956645849,NA,NA,NA
Spring,5.666208721890843,NA,NA,1.7953547335313587,NA,NA,NA,NA,-0.2726920541421786,NA,-0.9867609805181393,8,-485.32594075808896,988.6518815161779,11.257679406815669,0.000349388154645511,NA,NA,NA
Spring,5.391757533437616,NA,0.28364317075494605,NA,NA,NA,NA,NA,-0.06653693762357374,NA,0.5287632471516952,8,-485.34007216650383,988.6801443330077,11.285942223645407,0.000344485530018579,NA,NA,NA
Spring,5.59442093131844,NA,NA,1.9628779311611406,-1.1782603356121553,NA,NA,NA,NA,0.41932684174030105,NA,8,-485.3415307811367,988.6830615622735,11.288859452911197,0.000343983424661805,NA,NA,NA
Spring,5.609243944319615,NA,NA,2.8062099863178642,-1.196607143247134,NA,NA,NA,NA,NA,-0.8055349884882317,8,-485.36167617584994,988.7233523516999,11.329150242337619,0.000337123077016416,NA,NA,NA
Spring,4.093283883505686,NA,NA,NA,NA,NA,NA,+,NA,0.040209375745660594,NA,7,-486.5974986146603,988.729243804663,11.335041695300788,0.000336131465865551,NA,NA,NA
Spring,5.453802531548537,NA,0.2769861595535869,NA,NA,-0.030046498800678195,NA,NA,NA,NA,NA,7,-486.6035197809195,988.7412861371814,11.347084027819164,0.000334113643343323,NA,NA,NA
Spring,5.453802531548537,NA,0.2769861595535869,NA,NA,-0.030046498800678195,NA,NA,NA,NA,NA,7,-486.6035197809195,988.7412861371814,11.347084027819164,0.000334113643343323,NA,NA,NA
Spring,4.397847201294922,NA,NA,0.43093353076515506,NA,NA,NA,+,0.08463326941720613,NA,NA,8,-485.44378516155564,988.8875703231113,11.493368213749022,0.000310548190326581,NA,NA,NA
Spring,5.59579546187048,NA,NA,NA,NA,NA,NA,NA,1.2424547046742687,1.6296576457412324,0.3700961024550466,8,-485.4578876864132,988.9157753728264,11.52157326346412,0.000306199413195759,NA,NA,NA
Spring,5.66213728470321,NA,NA,NA,NA,NA,NA,NA,1.291624103087591,1.7520622037421925,NA,7,-486.7044592698568,988.943165115056,11.548963005693736,0.000302034634839654,NA,NA,NA
Spring,3.8039560616751897,NA,NA,NA,NA,0.2603375119271205,NA,+,0.19800159742848294,NA,NA,8,-485.74463082195473,989.4892616439095,12.095059534547204,0.000229865287606532,NA,NA,NA
Spring,5.394472874444682,NA,NA,1.0564597767584354,NA,NA,-0.5271701676486457,NA,NA,NA,NA,7,-486.9896792220713,989.513605019485,12.119402910122744,0.000227084397488005,NA,NA,NA
Spring,5.496335381667498,NA,NA,2.2242578564273146,-1.3306225064311898,NA,NA,NA,NA,NA,NA,7,-486.99371172740473,989.5216700301519,12.127467920789627,0.000226170522285691,NA,NA,NA
Spring,5.496335381667498,NA,NA,2.2242578564273146,-1.3306225064311898,NA,NA,NA,NA,NA,NA,7,-486.99371172740473,989.5216700301519,12.127467920789627,0.000226170522285691,NA,NA,NA
Spring,4.180601212280187,NA,NA,NA,0.22415170572674475,0.23355153460297556,NA,+,NA,NA,NA,8,-485.8822484417645,989.764496883529,12.370294774166723,0.000200311931984082,NA,NA,NA
Spring,4.180601212280187,NA,NA,NA,0.22415170572674475,0.23355153460297556,NA,+,NA,NA,NA,8,-485.8822484417645,989.764496883529,12.370294774166723,0.000200311931984082,NA,NA,NA
Spring,5.588884725653286,NA,NA,NA,0.7146405919376563,NA,NA,NA,NA,0.483382756712466,NA,7,-487.1416423255829,989.8175312265082,12.423329117145954,0.000195070033447802,NA,NA,NA
Spring,3.8517763586634297,-0.24478327700992836,NA,NA,NA,0.2348960012446224,NA,+,NA,NA,NA,8,-486.0132324411181,990.0264648822362,12.6322627728739,0.000175719998770121,NA,NA,NA
Spring,4.0075665175019815,NA,NA,NA,NA,0.2114070153765733,NA,+,NA,NA,0.08970541295731677,8,-486.064224525623,990.128449051246,12.734246941883725,0.000166984288575315,NA,NA,NA
Spring,3.9989587269247697,NA,NA,NA,NA,NA,NA,+,0.18282688081860698,NA,0.1800248150282928,8,-486.0712290556836,990.1424581113672,12.74825600200495,0.00016581872897051,NA,NA,NA
Spring,5.586999266780823,NA,NA,0.8098798958728245,NA,-0.00806397133945534,NA,NA,NA,0.44356899251615994,NA,8,-486.0854823415798,990.1709646831596,12.776762573797328,0.000163472031026615,NA,NA,NA
Spring,3.860589436075113,NA,NA,NA,NA,0.267039273112801,NA,+,NA,-0.06927357070359412,NA,8,-486.0927752062822,990.1855504125645,12.791348303202199,0.000162284188274644,NA,NA,NA
Spring,4.1328550030179345,NA,NA,NA,0.18960591571829277,NA,NA,+,0.14117112716401384,NA,NA,8,-486.1791274514856,990.3582549029712,12.964052793608971,0.000148858591018365,NA,NA,NA
Spring,5.665588717822009,NA,NA,NA,NA,-0.24579361614157336,NA,NA,1.3768240824651383,1.844246574144712,NA,8,-486.2193986516351,990.4387973032702,13.04459519390798,0.00014298297991337,NA,NA,NA
Spring,4.56086481857716,NA,NA,NA,0.32491728487237226,NA,NA,+,NA,0.15913001229512388,NA,8,-486.22055769274147,990.4411153854829,13.046913276120677,0.000142817352765021,NA,NA,NA
Spring,5.4805531778597985,NA,NA,NA,0.8321856208800722,NA,NA,NA,NA,NA,NA,6,-488.65836164691183,990.4518584289588,13.057656319596504,0.00014205226293802,NA,NA,NA
Spring,5.4805531778597985,NA,NA,NA,0.8321856208800722,NA,NA,NA,NA,NA,NA,6,-488.65836164691183,990.4518584289588,13.057656319596504,0.00014205226293802,NA,NA,NA
Spring,5.511061930423705,NA,NA,0.9262378658440632,NA,NA,NA,NA,-0.15122952497604766,NA,NA,7,-487.48912255605524,990.5124916874529,13.11828957809064,0.000137810342404953,NA,NA,NA
Spring,6.0008103424532875,1.2392141642443026,NA,NA,1.1471330341764114,NA,NA,NA,NA,NA,NA,7,-487.4991056890355,990.5324579534134,13.138255844051173,0.000136441407927451,NA,NA,NA
Spring,4.254378650830619,NA,NA,NA,0.18075418750890684,NA,NA,+,NA,NA,0.06176813174586995,8,-486.3321795939043,990.6643591878086,13.270157078446346,0.000127733320801886,NA,NA,NA
Spring,4.3912556936477,0.10362985311356955,NA,NA,0.3027812310408435,NA,NA,+,NA,NA,NA,8,-486.334316873763,990.668633747526,13.274431638163719,0.000127460610481002,NA,NA,NA
Spring,4.194798693369676,NA,NA,NA,NA,NA,NA,+,NA,0.053226339163452485,0.18180781334913793,8,-486.35513445009025,990.7102689001805,13.31606679081824,0.000124834617731028,NA,NA,NA
Spring,5.48677523133469,NA,NA,0.9335217275832643,NA,0.03915759839047714,NA,NA,NA,NA,NA,7,-487.6540840275417,990.8424146304259,13.448212521063624,0.000116853023769934,NA,NA,NA
Spring,5.48677523133469,NA,NA,0.9335217275832643,NA,0.03915759839047714,NA,NA,NA,NA,NA,7,-487.6540840275417,990.8424146304259,13.448212521063624,0.000116853023769934,NA,NA,NA
Spring,5.375631474406019,-0.2563427829102366,0.28059377223257637,NA,NA,NA,0.17076370374278166,NA,NA,NA,NA,8,-486.486393913986,990.972787827972,13.578585718609702,0.000109478736068153,NA,NA,NA
Spring,5.300300278011941,-0.362166711294607,0.2787474748423912,NA,NA,-0.0476134396343258,NA,NA,NA,NA,NA,8,-486.5146244119429,991.0292488238858,13.635046714523583,0.000106431314336739,NA,NA,NA
Spring,5.476690824678192,NA,0.27638078682320977,NA,NA,-0.02456474641484492,NA,NA,-0.14287759744807907,NA,NA,8,-486.51930376054975,991.0386075210995,13.644405411737239,0.000105934448525073,NA,NA,NA
Spring,5.495936147391842,NA,0.28006905314490343,NA,NA,-0.02376712812711379,0.23658324504278577,NA,NA,NA,NA,8,-486.52347263139615,991.0469452627923,13.652743153430038,0.000105493740756145,NA,NA,NA
Spring,5.657888858349714,NA,NA,NA,1.15175597189085,NA,NA,NA,NA,0.49930110469845723,-0.5078112078939311,8,-486.5330578662465,991.066115732493,13.671913623130763,0.000104487389238585,NA,NA,NA
Spring,5.425823560995082,NA,NA,1.9911157415570635,-0.993736035702389,NA,-0.3944469407587101,NA,NA,NA,NA,8,-486.6161164344408,991.2322328688816,13.83803075951937,9.61594565051065e-05,NA,NA,NA
Spring,5.526993020579316,NA,NA,2.295869881371633,-1.4092014246380329,NA,NA,NA,-0.17943951272783568,NA,NA,8,-486.70534370237107,991.4106874047421,14.01648529537988,8.79510624135636e-05,NA,NA,NA
Spring,5.375729800381648,NA,NA,NA,0.9970559962973897,NA,-0.59011487018497,NA,NA,NA,NA,7,-488.0261747719406,991.5865961192236,14.192394009861346,8.05458182740887e-05,NA,NA,NA
Spring,5.3949892284531336,NA,NA,1.0592445131860133,NA,0.03584278898183106,-0.5265346392320571,NA,NA,NA,NA,8,-486.98003987549697,991.9600797509939,14.565877641631687,6.68254755086529e-05,NA,NA,NA
Spring,5.4962346229459165,NA,NA,2.2472879015157416,-1.3567218973328168,-0.028613522998756396,NA,NA,NA,NA,NA,8,-486.9878502925459,991.9757005850918,14.581498475729518,6.63055736435787e-05,NA,NA,NA
Spring,5.4962346229459165,NA,NA,2.2472879015157416,-1.3567218973328168,-0.028613522998756396,NA,NA,NA,NA,NA,8,-486.9878502925459,991.9757005850918,14.581498475729518,6.63055736435787e-05,NA,NA,NA
Spring,5.861027694995807,1.1069281042872263,NA,NA,1.244403842602949,NA,-0.46846891072113395,NA,NA,NA,NA,8,-487.0081145044169,992.0162290088338,14.622026899471507,6.49754657608012e-05,NA,NA,NA
Spring,5.541361307223696,NA,NA,NA,1.2271719009866224,NA,NA,NA,NA,NA,-0.4548704268556559,7,-488.31837584285904,992.1709982610605,14.77679615169825,6.0136989775814e-05,NA,NA,NA
Spring,5.588671883752907,NA,NA,NA,0.7169686847404296,0.014995508862661286,NA,NA,NA,0.4817609013768229,NA,8,-487.14005793582515,992.2801158716503,14.885913762288055,5.69438854648657e-05,NA,NA,NA
Spring,6.0508067291182295,1.3553917543400342,NA,NA,1.2006605634286607,0.18381731848856303,NA,NA,NA,NA,NA,8,-487.2837339981207,992.5674679962414,15.173265886879108,4.93229877387496e-05,NA,NA,NA
Spring,5.622387146691374,NA,NA,NA,NA,NA,NA,NA,NA,0.6373818141408608,NA,6,-489.724807147757,992.5847494306491,15.190547321286886,4.88986377344709e-05,NA,NA,NA
Spring,5.502719763269894,NA,NA,NA,0.8252775333536084,NA,NA,NA,-0.1373961671310182,NA,NA,7,-488.54381165768564,992.6218698907137,15.227667781351442,4.7999438257455e-05,NA,NA,NA
Spring,5.481064737998525,NA,NA,NA,0.8414816908084333,0.07150095713872197,NA,NA,NA,NA,NA,7,-488.6323064126909,992.7988594007243,15.404657291362014,4.39342655850155e-05,NA,NA,NA
Spring,5.481064737998525,NA,NA,NA,0.8414816908084333,0.07150095713872197,NA,NA,NA,NA,NA,7,-488.6323064126909,992.7988594007243,15.404657291362014,4.39342655850155e-05,NA,NA,NA
Spring,5.511733562425234,NA,NA,0.9298815912980319,NA,0.04490236031994182,NA,NA,-0.152669306182804,NA,NA,8,-487.47566460683123,992.9513292136625,15.557127104300207,4.07094253368293e-05,NA,NA,NA
Spring,5.616248314591763,NA,NA,NA,1.7558119425733438,0.44729120859028804,NA,NA,NA,NA,-0.9968855345439247,8,-487.67990517987243,993.3598103597449,15.965608250382616,3.31890191710756e-05,NA,NA,NA
Spring,5.479599368092542,NA,NA,NA,NA,NA,NA,NA,NA,NA,NA,5,-491.2873860256096,993.3747720512191,15.980569941856857,3.29416636064643e-05,NA,NA,NA
Spring,5.479599368092542,NA,NA,NA,NA,NA,NA,NA,NA,NA,NA,5,-491.2873860256096,993.3747720512191,15.980569941856857,3.29416636064643e-05,NA,NA,NA
Spring,5.54516067086765,NA,NA,NA,NA,NA,NA,NA,NA,0.5457688890581341,0.42357398881476516,7,-488.922587821047,993.3794222174364,15.985220108074145,3.28651604733782e-05,NA,NA,NA
Spring,5.404783738275288,NA,NA,NA,NA,NA,NA,NA,NA,NA,0.54920879426669,6,-490.2586430438722,993.6524212228795,16.25821911351727,2.86717879711802e-05,NA,NA,NA
Spring,5.37591637258495,NA,NA,NA,1.007846282345583,0.07779591562501184,-0.5926056270515666,NA,NA,NA,NA,8,-487.99056905998196,993.9811381199639,16.586936010601676,2.432623002892e-05,NA,NA,NA
Spring,5.582849361273392,NA,NA,NA,1.2851594107948348,NA,NA,NA,-0.19412342086519685,NA,-0.5329303563049981,8,-488.0794170789744,994.1588341579488,16.764632048586577,2.22581264191421e-05,NA,NA,NA
Spring,5.623436382165365,NA,NA,NA,NA,-0.09201855321154755,NA,NA,NA,0.6442626732042658,NA,7,-489.6904109428917,994.9150684611258,17.520866351763516,1.52501604249004e-05,NA,NA,NA
Spring,5.503618582117219,NA,NA,NA,0.8350622600822359,0.07613298610263472,NA,NA,-0.13953820779503176,NA,NA,8,-488.51352482325524,995.0270496465105,17.632847537148223,1.44197591608228e-05,NA,NA,NA
Spring,5.538448645556204,NA,NA,NA,NA,-0.20595264450861214,NA,NA,NA,0.5505022119848123,0.47276029718921836,8,-488.72491897934196,995.4498379586839,18.055635849321675,1.16721454651221e-05,NA,NA,NA
Spring,5.5074257032551825,NA,NA,NA,NA,NA,NA,NA,-0.17341469138005025,NA,NA,6,-491.18547285185645,995.506080838848,18.11187872948574,1.13484802218422e-05,NA,NA,NA
Spring,5.368770372086999,-0.26148134212032303,NA,NA,NA,NA,NA,NA,NA,NA,NA,6,-491.2491810779582,995.6334972910515,18.239295181689272,1.06480375513882e-05,NA,NA,NA
Spring,5.4968787991455885,NA,NA,NA,NA,NA,0.09720310578201766,NA,NA,NA,NA,6,-491.27633473018716,995.6878045955094,18.293602486147165,1.03627946619851e-05,NA,NA,NA
Spring,5.479454794684574,NA,NA,NA,NA,-0.038193168191925635,NA,NA,NA,NA,NA,6,-491.28318710294997,995.701509341035,18.30730723167278,1.02920276679133e-05,NA,NA,NA
Spring,5.479454794684574,NA,NA,NA,NA,-0.038193168191925635,NA,NA,NA,NA,NA,6,-491.28318710294997,995.701509341035,18.30730723167278,1.02920276679133e-05,NA,NA,NA
Spring,5.397622606108297,NA,NA,NA,NA,-0.19163564473440767,NA,NA,NA,NA,0.5959005233077532,7,-490.13226844400276,995.798783463348,18.40458135398569,9.80343193237177e-06,NA,NA,NA
Spring,5.422401369619269,NA,NA,NA,NA,NA,NA,NA,-0.09652436114625897,NA,0.5339550923540795,7,-490.2201201194821,995.9744868143066,18.580284704944347,8.97893111817638e-06,NA,NA,NA
Spring,5.5071368351727275,NA,NA,NA,NA,-0.03154334225469486,NA,NA,-0.17237459285412005,NA,NA,7,-491.1825472854064,997.8993411461552,20.50513903679291,3.42963444655189e-06,NA,NA,NA
Spring,5.363052320192085,-0.27450161345005347,NA,NA,NA,-0.05156266442519,NA,NA,NA,NA,NA,7,-491.2415525267793,998.017351628901,20.623149519538742,3.23312266245286e-06,NA,NA,NA
Spring,5.382420845211878,-0.2431601873895919,NA,NA,NA,NA,0.0331191867779511,NA,NA,NA,NA,7,-491.2480767448637,998.0304000650698,20.63619795570753,3.21209772532483e-06,NA,NA,NA
Spring,5.4963410732449525,NA,NA,NA,NA,-0.03574369955257724,0.09493253638042186,NA,NA,NA,NA,7,-491.2726545247109,998.0795556247642,20.68535351540197,3.13411375658241e-06,NA,NA,NA
Spring,5.4131262401929945,NA,NA,NA,NA,-0.18454437768016932,NA,NA,-0.08361747511747399,NA,0.5809447902728176,8,-490.10274748801965,998.2054949760393,20.811292866677036,2.94284489608464e-06,NA,NA,NA
Spring,5.373718685062232,-0.26003559699854795,NA,NA,NA,-0.05020146971296254,0.025483844438520527,NA,NA,NA,NA,8,-491.24090315684435,1000.4818063136887,23.087604204326453,9.42915221256406e-07,NA,NA,NA
Fall,4.607976534336832,NA,NA,NA,-0.7724711973144794,NA,NA,NA,NA,NA,NA,8,-338.4199740644341,696.0399481288682,0,0.240373886383666,-0.412106907247655,NA,0.759668759387383
Fall,4.824136880653795,NA,NA,-0.7159077865761645,NA,NA,NA,NA,NA,NA,NA,8,-338.5032598885344,696.2065197770688,0.16657164820060189,0.221165158727505,NA,0.6042661031057006,0.8568138749786878
Fall,4.773606102295214,NA,NA,NA,-0.7240008463133408,NA,NA,NA,NA,NA,NA,8,-338.72165391553136,696.6433078310628,0.6033597021945525,0.177774469200569,NA,0.5219113110252006,0.7928375471107949
Fall,4.577446715283049,NA,NA,-0.7328918692553557,NA,NA,NA,NA,NA,NA,NA,8,-339.2576441832157,697.7152883664314,1.675340237563205,0.10401399446866,-0.44844411083406704,NA,0.8271403200944516
Fall,4.9284686536676485,NA,NA,NA,NA,NA,NA,NA,NA,NA,NA,8,-340.1318085606084,699.4636171212169,3.4236689923486665,0.0433957311163707,-0.5529545553861012,0.578348173322528,0.6130202597870218
Fall,4.48084793187003,NA,NA,NA,-0.8938408808927474,NA,NA,NA,NA,NA,NA,7,-341.69070225494585,699.8161871185873,3.776238989719104,0.0363820701943842,NA,NA,0.8610423689411117
Fall,4.462013584377089,NA,NA,-0.8678205287961374,NA,NA,NA,NA,NA,NA,NA,7,-342.31951707667145,701.0738167620385,5.0338686331703,0.0193997708565949,NA,NA,0.945824551627492
Fall,4.77584232535655,NA,NA,NA,NA,NA,NA,NA,NA,NA,NA,7,-342.3794619221152,701.193706452926,5.153758324057776,0.0182710238548256,NA,0.5702629126723103,0.7216233241598744
Fall,4.922854116739954,NA,NA,NA,NA,NA,NA,NA,NA,NA,NA,7,-342.5183858888616,701.4715543864188,5.431606257550584,0.0159011660385268,-0.6681608092213626,0.5313247689178359,NA
Fall,4.765828873149279,NA,NA,NA,NA,NA,NA,NA,NA,NA,NA,6,-344.1828894658432,702.1530129742396,6.113064845371355,0.0113097269601626,NA,0.5391186345311688,NA
Fall,4.479371603478335,NA,NA,NA,-0.8840135279193767,-0.06695414778003912,NA,NA,NA,NA,NA,8,-341.64334515990186,702.4866903198038,6.446742190935538,0.00957183063027141,NA,NA,0.8597588455766191
Fall,4.481179181398196,NA,NA,0.04844717762512816,-0.9398081828598174,NA,NA,NA,NA,NA,NA,8,-341.6889062809885,702.577812561977,6.53786443310878,0.00914551279895983,NA,NA,0.8559235263144076
Fall,4.875267011174626,NA,NA,NA,-0.4631385819270029,NA,NA,NA,NA,NA,NA,8,-341.69860704948536,702.5972140989708,6.557265970102549,0.00905722322723226,-0.5500956897162909,0.5045587494920487,NA
Fall,4.7490790597427806,NA,NA,NA,-0.6545878081079498,NA,NA,NA,NA,NA,NA,7,-343.08464171993137,702.6040660485584,6.564117919690148,0.00902624650179282,NA,0.5141920815134846,NA
Fall,4.893985417920057,NA,NA,-0.3924111541790281,NA,NA,NA,NA,NA,NA,NA,8,-341.9194671412005,703.0389342824011,6.998986153532883,0.00726234292925257,-0.5869458307525033,0.5217124939114416,NA
Fall,4.75832296985269,NA,NA,-0.5557492478328018,NA,NA,NA,NA,NA,NA,NA,7,-343.4218907865017,703.278564181699,7.238616052830821,0.00644231240427703,NA,0.5307507549290262,NA
Fall,4.935723657719018,NA,NA,NA,NA,-0.3360192509239134,NA,NA,NA,NA,NA,8,-342.06875824607573,703.3375164921515,7.29756836328329,0.00625518918851626,-0.6961186371503649,0.5545558121367514,NA
Fall,4.471494702645059,NA,NA,-0.9335062974845066,NA,0.1652555528345743,NA,NA,NA,NA,NA,8,-342.11329223472336,703.4265844694468,7.386636340578548,0.0059827324843432,NA,NA,0.9599083777574557
Fall,4.78538934352225,NA,NA,NA,NA,-0.24264573566935474,NA,NA,NA,NA,NA,8,-342.12910073431203,703.4582014686241,7.418253339755893,0.00588889810486057,NA,0.5927660809779213,0.717030910881011
Fall,4.585472517022369,NA,NA,NA,NA,NA,NA,NA,NA,NA,NA,7,-343.6306121745179,703.6960069577315,7.656058828863252,0.00522871817197955,-0.6493005167516978,NA,0.6480923454538966
Fall,4.768900973926867,NA,NA,NA,NA,-0.24530808706798715,NA,NA,NA,NA,NA,7,-344.0486491232638,704.5320808552232,8.492132726354953,0.00344226335784615,NA,0.5490998446850424,NA
Fall,4.626581765553681,NA,NA,NA,NA,NA,NA,NA,NA,NA,NA,6,-345.4315074554541,704.6502489534614,8.610300824593196,0.00324477223695348,-0.7620949102651113,NA,NA
Fall,4.459275759927528,NA,NA,5.549738020905316,-5.936133932930139,-1.474796502536136,NA,NA,NA,NA,NA,8,-342.76225823747495,704.72451647495,8.684568346081733,0.00312649133961596,NA,NA,NA
Fall,4.433060928485997,NA,NA,NA,NA,NA,NA,NA,NA,NA,NA,6,-345.5905167980587,704.9682676386706,8.92831950980235,0.00276775304566238,NA,NA,0.7758236814037216
Fall,4.74018151277878,NA,NA,0.8003234989689003,-1.4251346481310558,NA,NA,NA,NA,NA,NA,8,-342.9141615828803,705.0283231657606,8.988375036892421,0.0026858790105703,NA,0.4961485360785922,NA
Fall,4.59195509494787,NA,NA,NA,-0.5941375229055865,NA,NA,NA,NA,NA,NA,7,-344.3599650062211,705.1547126211378,9.114764492269614,0.00252139753437233,-0.6034865174216605,NA,NA
Fall,4.75182965489182,NA,NA,NA,-0.6313928263168146,-0.16503647504030972,NA,NA,NA,NA,NA,8,-343.00069854877245,705.2013970975449,9.161448968676723,0.00246322406337065,NA,0.5234867318627505,NA
Fall,4.455022373168304,NA,NA,NA,-0.8086092973899194,NA,NA,NA,NA,NA,NA,6,-345.73385730904835,705.2549486606499,9.215000531781698,0.00239814448042984,NA,NA,NA
Fall,4.450003373373803,NA,NA,NA,NA,NA,NA,NA,NA,NA,NA,5,-347.0632376428297,705.3764752856594,9.336527156791135,0.00225676414417361,NA,NA,NA
Fall,4.585686563733677,NA,NA,NA,NA,-0.2651556469579683,NA,NA,NA,NA,NA,8,-343.2580789290834,705.7161578581669,9.676209729298648,0.00190425471521231,-0.675928598078755,NA,0.6388739062305576
Fall,4.603263073020347,NA,NA,-0.4742364759808391,NA,NA,NA,NA,NA,NA,NA,7,-344.76430859560435,705.9633997999043,9.923451671036105,0.00168281794348355,-0.661101900893875,NA,NA
Fall,4.759245434117636,NA,NA,-0.5375978282768993,NA,-0.04840619255605072,NA,NA,NA,NA,NA,8,-343.4162560576832,706.0325121153664,9.992563986498226,0.00162565949710236,NA,0.5333710951655513,NA
Fall,4.452070043347266,NA,NA,-0.6616619168116361,NA,NA,NA,NA,NA,NA,NA,6,-346.23897352509374,706.2651810927407,10.225232963872486,0.00144712537565771,NA,NA,NA
Fall,4.62891761232025,NA,NA,NA,NA,-0.2848250466773163,NA,NA,NA,NA,NA,7,-345.1962088839961,706.8272003766879,10.787252247819652,0.00109261012864522,-0.7893510283334563,NA,NA
Fall,4.459097530316352,NA,NA,1.3032944606856516,-2.0553502976082103,NA,NA,NA,NA,NA,NA,7,-345.3392576565987,707.113297921893,11.073349793024818,0.000946978087007441,NA,NA,NA
Fall,4.58528394424523,NA,NA,0.9362842450156421,-1.5053513860190053,NA,NA,NA,NA,NA,NA,8,-344.0547397947991,707.3094795895983,11.269531460730036,0.000858498660181764,-0.5594950590910379,NA,NA
Fall,4.431636744892996,NA,NA,NA,NA,-0.176186435320487,NA,NA,NA,NA,NA,7,-345.50553218280487,707.4458469743054,11.40589884543715,0.000801914045818118,NA,NA,0.7741467199339398
Fall,4.59469405634182,NA,NA,NA,-0.5592438153893395,-0.1958477191498458,NA,NA,NA,NA,NA,8,-344.2082922818889,707.6165845637778,11.576636434909574,0.000736296309836831,-0.6316758308558522,NA,NA
Fall,4.4489167970590096,NA,NA,NA,NA,-0.18393003900985405,NA,NA,NA,NA,NA,6,-347.00702173896684,707.8012775204869,11.761329391618688,0.000671347008285118,NA,NA,NA
Fall,4.454207958006408,NA,NA,NA,-0.797873284562457,-0.08607660647964852,NA,NA,NA,NA,NA,7,-345.7151573304265,707.8650972695486,11.825149140680423,0.000650262598964273,NA,NA,NA
Fall,4.606362298789957,NA,NA,-0.4255158159409932,NA,-0.11662948367119085,NA,NA,NA,NA,NA,8,-344.72457578853886,708.6491515770778,12.609203448209541,0.000439373182476955,-0.6826460529680626,NA,NA
Fall,4.452650169015427,NA,NA,-0.6852690054127276,NA,0.06476766302903793,NA,NA,NA,NA,NA,7,-346.23109282001656,708.8969682487287,12.857020119860522,0.000388168991584114,NA,NA,NA
